{
    "b": 8499.542071027387,
    "a": -0.02144839387722462
}